Workbook

Sheet Dados
A1: id_registro | B1: placa | C1: data_hora_chegada | D1: quilometragem | E1: responsavel | F1: servico | G1: status | H1: data_hora_inicio_manutencao | I1: data_hora_termino | J1: data_hora_liberacao
A2: 1001 | B2: BGU2B80 | C2: 01/07/2026 08:51 | D2: 74432 | E2: Marcos Vinícius Lima | F2: Alinhamento e balanceamento | G2: Liberado | I2: 01/07/2026 13:27 | J2: 01/07/2026 14:42
A3: 1002 | B3: NTK7931 | C3: 02/07/2026 12:24 | D3: 119892 | E3: marcos vinícius lima | F3: Reparo elétrico | G3: Liberado | I3: 02/07/2026 21:43 | J3: 02/07/2026 22:20
A4: 1003 | B4: ZQE2264 | C4: 02/07/2026 13:17 | D4: 122243 | E4: Rafael Moreira | F4: Troca de óleo | G4: Liberado | H4: 02/07/2026 16:31 | I4: 02/07/2026 17:17 | J4: 02/07/2026 17:50
A5: 1004 | B5: RMV4R87 | C5: 02/07/2026 13:25 | D5: 130138 | E5: Ana Paula Ribeiro | F5: Alinhamento e balanceamento | G5: Liberado | I5: 02/07/2026 15:35 | J5: 02/07/2026 18:08
A6: 1005 | B6: AWL5O61 | C6: 2026-07-02 17:11 | D6: 34836 | E6: Rafael Moreira | F6: Revisão preventiva | G6: Liberado | H6: 02/07/2026 18:20 | I6: 02/07/2026 21:22 | J6: 03/07/2026 00:22
A7: 1006 | B7: RRJ4729 | C7: 03/07/2026 08:20 | D7: 148160 | E7: Juliana Castro | F7: Troca de correia dentada | G7: Liberado | I7: 03/07/2026 17:05 | J7: 03/07/2026 20:49
A8: 1007 | B8: HAJ1189 | C8: 04/07/2026 06:53 | D8: 106727 | E8: Marcos Vinícius Lima | F8: Troca de óleo | G8: Liberado | H8: 04/07/2026 11:28 | I8: 04/07/2026 12:31 | J8: 04/07/2026 16:15
A9: 1008 | B9: KTG9O61 | C9: 04/07/2026 13:02 | D9: 180321 | E9: Sandra Nogueira | F9: Troca de óleo | G9: Liberado | H9: 04/07/2026 18:53 | I9: 04/07/2026 19:30 | J9: 04/07/2026 21:58
A10: 1009 | B10: KTG9O61 | C10: 04/07/2026 13:02 | D10: 180321 | E10: Sandra Nogueira | F10: Troca de óleo | G10: Liberado | H10: 04/07/2026 18:53 | I10: 04/07/2026 19:30 | J10: 04/07/2026 21:58
A11: 1010 | B11: ATC1417 | C11: 05/07/2026 10:23 | D11: 32345 | E11: Fernanda Alves | F11: TROCA DE PNEUS | G11: Liberado | H11: 05/07/2026 17:29 | I11: 05/07/2026 19:10 | J11: 05/07/2026 20:08
A12: 1011 | B12: YUG7W02 | C12: 05/07/2026 10:44 | D12: 163526 | E12: Luciana Prado | F12: Troca de pneus | G12: Liberado | H12: 05/07/2026 11:53 | I12: 05/07/2026 13:31 | J12: 05/07/2026 16:42
A13: 1012 | B13: KSA8K38 | C13: 06/07/2026 11:05 | D13: 143356 | E13: Carlos Mendes | F13: Troca de óleo | G13: Liberado | H13: 06/07/2026 16:33 | I13: 06/07/2026 17:58 | J13: 06/07/2026 21:35
A14: 1013 | B14: ZSR7Y97 | C14: 06/07/2026 11:43 | E14: Eduardo Pinto | F14: Troca de pneus | G14: Liberado | H14: 06/07/2026 12:34 | I14: 06/07/2026 14:02 | J14: 06/07/2026 17:55
A15: 1014 | B15: NFD0521 | C15: 07/07/2026 08:25 | D15: 167296 | E15: Ricardo Teixeira | F15: Troca de óleo | G15: Liberado | H15: 07/07/2026 09:01 | I15: 07/07/2026 09:31 | J15: 07/07/2026 11:26
A16: 1015 | B16: ISC4K24 | C16: 07/07/2026 13:16 | D16: 74893 | E16: Juliana Castro | F16: Alinhamento e balanceamento | G16: Liberado | H16: 07/07/2026 15:43 | I16: 07/07/2026 17:10 | J16: 07/07/2026 17:47
A17: 1016 | B17: XDF9110 | C17: 07/07/2026 14:43 | E17: Ana Paula Ribeiro | F17: Alinhamento e balanceamento | G17: Liberado | H17: 07/07/2026 18:00 | I17: 07/07/2026 19:34 | J17: 07/07/2026 23:15
A18: 1017 | B18: kvj7k17 | C18: 08/07/2026 12:16 | D18: 25325 | E18: Paulo Henrique Dias | F18: Revisão preventiva | G18: Liberado | H18: 08/07/2026 18:05 | I18: 08/07/2026 22:41 | J18: 09/07/2026 00:37
A19: 1018 | B19: DTW4893 | C19: 11/07/2026 12:08 | D19: 159171 | E19: Sandra Nogueira | F19: Troca de óleo | G19: Liberado | H19: 11/07/2026 16:02 | I19: 11/07/2026 16:34 | J19: 11/07/2026 17:31
A20: 1019 | B20: QYP6R04 | C20: 11/07/2026 12:19 | D20: 123869 | E20: Ricardo Teixeira | F20: REPARO DE FREIOS | G20: Liberado | H20: 11/07/2026 18:18 | I20: 11/07/2026 20:36 | J20: 11/07/2026 21:27
A21: 1020 | B21: AOS8193 | C21: 12/07/2026 16:09 | D21: -133994 | E21: João Batista Souza | F21: Alinhamento e balanceamento | G21: Liberado | I21: 12/07/2026 21:30 | J21: 12/07/2026 21:54
A22: 1021 | B22: VPV-5364 | C22: 13/07/2026 10:53 | D22: 129204 | E22: Paulo Henrique Dias | F22: Troca de óleo | G22: Liberado | H22: 13/07/2026 18:09 | I22: 13/07/2026 18:59 | J22: 13/07/2026 21:37
A23: 1022 | B23: SIV8E14 | C23: 13/07/2026 15:54 | D23: 109789 | E23: Fernanda Alves | F23: Troca de correia dentada | G23: Liberado | H23: 13/07/2026 19:58 | I23: 14/07/2026 02:14 | J23: 14/07/2026 04:17
A24: 1023 | B24: BGU2B80 | C24: 15/07/2026 13:40 | D24: 82510 | E24: Carlos Mendes | F24: Reparo de freios | G24: liberado | H24: 15/07/2026 14:59 | I24: 15/07/2026 18:23 | J24: 15/07/2026 20:53
A25: 1024 | B25: ALF5898 | C25: 16/07/2026 10:41 | D25: 54090 | E25: Marcos Vinícius Lima | F25: Troca de óleo | G25: Liberado | I25: 16/07/2026 13:49 | J25: 16/07/2026 16:54
A26: 1025 | B26: STZ2E98 | C26: 2026-07-16 10:54 | D26: 84363 | E26: João Batista Souza | F26: Reparo elétrico | G26: Liberado | H26: 16/07/2026 15:55 | I26: 16/07/2026 20:48 | J26: 16/07/2026 22:46
A27: 1026 | B27: DGX6E70 | C27: 16/07/2026 15:28 | D27: 107554 | E27: Fernanda Alves | F27: Troca de Oleo | G27: Liberado | H27: 16/07/2026 21:08 | I27: 16/07/2026 21:55 | J27: 16/07/2026 23:04
A28: 1027 | B28: cbl5y00 | C28: 17/07/2026 12:58 | D28: 80385 | E28: Marcos Vinícius Lima | F28: Alinhamento e balanceamento | G28: Liberado | H28: 17/07/2026 16:31 | I28: 17/07/2026 18:15 | J28: 17/07/2026 19:32
A29: 1028 | B29: ATC1417 | C29: 18/07/2026 07:40 | D29: 38237 | E29: Juliana Castro | F29: Troca de óleo | G29: Liberado | I29: 18/07/2026 12:38 | J29: 18/07/2026 13:00
A30: 1029 | B30: KSA8K38 | C30: 18/07/2026 09:31 | D30: 149800 | E30: Carlos Mendes | F30: Reparo de freios | G30: Liberado | H30: 18/07/2026 14:50 | I30: 18/07/2026 17:03 | J30: 18/07/2026 18:05
A31: 1030 | B31: QYP6R04 | C31: 19/07/2026 08:08 | D31: 128552 | E31: Ricardo Teixeira | F31: Troca de óleo | G31: Liberado | H31: 19/07/2026 14:50 | I31: 19/07/2026 16:00 | J31: 19/07/2026 02:08
A32: 1031 | B32: RRJ-4729 | C32: 19/07/2026 16:52 | D32: 153871 | E32: Juliana Castro | F32: Troca de bateria | G32: Liberado | H32: 19/07/2026 20:06 | I32: 19/07/2026 20:56 | J32: 19/07/2026 23:19
A33: 1032 | B33: rnc6j25 | C33: 20/07/2026 07:51 | D33: 68319 | E33: Eduardo Pinto | F33: Reparo de freios | G33: Liberado | H33: 20/07/2026 13:04 | I33: 20/07/2026 14:49 | J33: 20/07/2026 18:24
A34: 1033 | B34: KQQ1399 | C34: 21/07/2026 16:22 | D34: 68478 | E34: Paulo Henrique Dias | F34: Troca de correia dentada | G34: Liberado | H34: 21/07/2026 21:09 | I34: 22/07/2026 03:08 | J34: 22/07/2026 05:02
A35: 1034 | B35: KYO9U90 | C35: 22/07/2026 08:34 | D35: 158001 | E35: Carlos Mendes | F35: Troca de óleo | G35: Liberado | H35: 22/07/2026 16:28 | I35: 22/07/2026 17:05 | J35: 22/07/2026 19:26
A36: 1035 | B36: RMV4R87 | C36: 23/07/2026 06:45 | D36: 131989 | E36: Ana Paula Ribeiro | F36: Troca de pneus | G36: Liberado | I36: 23/07/2026 13:30 | J36: 23/07/2026 13:44
A37: 1036 | B37: KVJ7K17 | C37: 23/07/2026 09:02 | D37: 33028 | E37: Fernanda Alves | F37: TROCA DE ÓLEO | G37: Liberado | H37: 23/07/2026 10:23 | I37: 23/07/2026 11:35 | J37: 23/07/2026 15:23
A38: 1037 | B38: dtb8452 | C38: 25/07/2026 07:16 | D38: 92386 | E38: Paulo Henrique Dias | F38: Troca de pneus | G38: Liberado | H38: 25/07/2026 10:41 | I38: 25/07/2026 11:50 | J38: 25/07/2026 12:48
A39: 1038 | B39: PSE9841 | C39: 25/07/2026 10:24 | D39: 55265 | E39: Rafael Moreira | F39: Alinhamento e balanceamento | G39: Liberado | H39: 25/07/2026 14:59 | I39: 25/07/2026 16:59 | J39: 25/07/2026 18:04
A40: 1039 | B40: yug7w02 | C40: 26/07/2026 07:25 | D40: 166978 | E40: Luciana Prado | F40: Revisão preventiva | G40: Liberado | I40: 26/07/2026 10:27 | J40: 26/07/2026 11:24
A41: 1040 | B41: QVI6J50 | C41: 26/07/2026 08:03 | D41: 133013 | E41: Fernanda Alves | F41: Revisão preventiva | G41: Liberado | H41: 26/07/2026 08:56 | I41: 26/07/2026 14:01 | J41: 26/07/2026 17:15
A42: 1041 | B42: SHY2081 | C42: 27/07/2026 09:33 | D42: 139838 | E42: João Batista Souza | F42: Troca de correia dentada | G42: Liberado | H42: 27/07/2026 12:32 | I42: 27/07/2026 16:00 | J42: 27/07/2026 19:53
A43: 1042 | B43: FNX7C47 | C43: 27/07/2026 09:48 | D43: 80726 | E43: Eduardo Pinto | F43: Troca de óleo | G43: Liberado | I43: 27/07/2026 17:14 | J43: 27/07/2026 18:47
A44: 1043 | B44: MQI6S78 | C44: 29/07/2026 10:35 | D44: 68346 | E44: Ricardo Teixeira | F44: Revisão preventiva | G44: Liberado | H44: 29/07/2026 18:34 | I44: 29/07/2026 23:39
A45: 1044 | B45: NTK7931 | C45: 29/07/2026 13:30 | D45: 128060 | E45: Marcos Vinícius Lima | F45: Troca de óleo | G45: Liberado | I45: 29/07/2026 18:54 | J45: 29/07/2026 20:39
A46: 1045 | B46: SIV8E14 | C46: 30/07/2026 10:39 | D46: 114651 | E46: Paulo Henrique Dias | F46: Alinhamento e balanceamento | G46: Liberado | I46: 30/07/2026 19:39 | J46: 30/07/2026 23:18
A47: 1046 | B47: VPV-5364 | C47: 30/07/2026 13:08 | D47: 132884 | E47: Paulo Henrique Dias | F47: Troca de óleo | G47: Liberado | H47: 30/07/2026 21:05 | I47: 30/07/2026 22:32 | J47: 31/07/2026 01:37
A48: 1047 | B48: BGU2B80 | C48: 01/08/2026 16:44 | D48: 87835 | E48: Marcos Vinícius Lima | F48: Troca de bateria | G48: Liberado | H48: 01/08/2026 21:27 | I48: 01/08/2026 22:17 | J48: 01/08/2026 22:35
A49: 1048 | B49: PEP3D77 | C49: 01/08/2026 18:16 | D49: 177819 | E49: Ricardo Teixeira | F49: Troca de pneus | G49: Liberado | H49: 01/08/2026 18:42 | I49: 01/08/2026 20:03 | J49: 01/08/2026 20:56
A50: 1049 | B50: RRJ-4729 | C50: 02/08/2026 13:00 | D50: 160514 | E50: Eduardo Pinto | F50: Reparo de suspensão | G50: Liberado | H50: 02/08/2026 17:20 | I50: 02/08/2026 19:34 | J50: 02/08/2026 20:40
A51: 1050 | B51: SHY2081 | C51: 03/08/2026 08:38 | D51: 144103 | E51: João Batista Souza | F51: Troca de pneus | G51: Liberado | H51: 03/08/2026 15:10 | I51: 03/08/2026 16:10 | J51: 03/08/2026 19:09
A52: 1051 | B52: ALF5898 | C52: 03/08/2026 19:30 | D52: 58466 | E52: Marcos Vinícius Lima | F52: Troca de óleo | G52: Liberado | I52: 04/08/2026 04:10 | J52: 04/08/2026 07:04
A53: 1052 | B53: ZEQ3M01 | C53: 05/08/2026 08:29 | D53: 33637 | E53: Fernanda Alves | F53: Reparo elétrico | G53: Liberado | H53: 05/08/2026 14:54 | I53: 05/08/2026 16:50 | J53: 05/08/2026 17:53
A54: 1053 | B54: QVI6J50 | C54: 05/08/2026 11:54 | D54: 136959 | E54: Fernanda Alves | F54: Reparo de suspensão | G54: Liberado | H54: 05/08/2026 17:29 | I54: 05/08/2026 19:52 | J54: 05/08/2026 23:40
A55: 1054 | B55: GHA1756 | C55: 07/08/2026 16:14 | D55: 55730 | E55: Eduardo Pinto | F55: Troca de pneus | G55: Liberado | H55: 07/08/2026 17:08 | I55: 07/08/2026 18:06 | J55: 07/08/2026 21:39
A56: 1055 | B56: SRP1N89 | C56: 09/08/2026 07:17 | D56: 150791 | E56: Paulo Henrique Dias | F56: Troca de correia dentada | G56: Liberado | H56: 09/08/2026 15:10 | I56: 09/08/2026 21:40 | J56: 09/08/2026 23:04
A57: 1056 | B57: XYZ99 | C57: 09/08/2026 18:03 | D57: 175438 | E57: Luciana Prado | F57: Revisão preventiva | G57: Liberado | H57: 09/08/2026 23:45 | I57: 10/08/2026 02:37 | J57: 10/08/2026 02:47
A58: 1057 | B58: PEP3D77 | C58: 11/08/2026 11:29 | D58: 183560 | E58: Ricardo Teixeira | F58: Reparo de freios | G58: LIBERADO | H58: 11/08/2026 18:08 | I58: 11/08/2026 19:57 | J58: 11/08/2026 23:23
A59: 1058 | B59: CBL5Y00 | C59: 12/08/2026 08:19 | D59: 82191 | E59: Rafael Moreira | F59: Reparo de freios | G59: Liberado | I59: 12/08/2026 18:01 | J59: 12/08/2026 19:27
A60: 1059 | B60: VPV5364 | C60: 12/08/2026 09:14 | D60: 141055 | E60: Rafael Moreira | F60: Reparo de suspensão | G60: Liberado | I60: 12/08/2026 16:43 | J60: 12/08/2026 20:19
A61: 1060 | B61: CAN4N00 | C61: 12/08/2026 09:58 | D61: 141766 | E61: Fernanda Alves | F61: Troca de correia dentada | G61: Liberado | I61: 12/08/2026 15:29 | J61: 12/08/2026 16:31
A62: 1061 | B62: DGX6E70 | C62: 12/08/2026 14:17 | D62: 111458 | E62: Fernanda Alves | F62: Alinhamento/balanceamento | G62: Liberado | I62: 12/08/2026 21:26 | J62: 12/08/2026 23:18
A63: 1062 | B63: STZ2E98 | C63: 14/08/2026 06:29 | D63: 89328 | E63: João Batista Souza | F63: REPARO ELETRICO | G63: Liberado | I63: 14/08/2026 10:44 | J63: 14/08/2026 13:01
A64: 1063 | B64: OZD7W84 | C64: 15/08/2026 08:33 | D64: 180367 | E64: Luciana Prado | F64: Alinhamento e balanceamento | G64: Liberado | I64: 15/08/2026 16:58 | J64: 15/08/2026 19:38
A65: 1064 | B65: ZSR7Y97 | C65: 15/08/2026 08:40 | D65: 182245 | E65: Eduardo Pinto | F65: Revisão preventiva | G65: Liberado | H65: 15/08/2026 12:26 | I65: 15/08/2026 16:43 | J65: 15/08/2026 05:40
A66: 1065 | B66: KYO9U90 | C66: 15/08/2026 14:53 | D66: 162569 | E66: Carlos Mendes | F66: Troca de óleo | G66: Liberado | I66: 15/08/2026 18:30 | J66: 15/08/2026 20:56
A67: 1066 | B67: KYO9U90 | C67: 15/08/2026 14:53 | D67: 162569 | E67: Carlos Mendes | F67: Troca de óleo | G67: Liberado | I67: 15/08/2026 18:30 | J67: 15/08/2026 20:56
A68: 1067 | B68: LZM8U15 | C68: 15/08/2026 20:19 | D68: 178222 | E68: Sandra Nogueira | F68: Revisão preventiva | G68: Liberado | H68: 15/08/2026 21:43 | I68: 16/08/2026 01:14 | J68: 16/08/2026 03:10
A69: 1068 | B69: QVI6J50 | C69: 17/08/2026 09:20 | D69: 143870 | E69: Fernanda Alves | F69: revisão preventiva | G69: Liberado | H69: 17/08/2026 11:12 | I69: 17/08/2026 13:31 | J69: 17/08/2026 16:04
A70: 1069 | B70: XDF9110 | C70: 18/08/2026 15:18 | D70: 170800 | E70: Ricardo Teixeira | F70: Troca de Oleo | G70: Liberado | H70: 18/08/2026 15:59 | I70: 18/08/2026 16:33 | J70: 18/08/2026 18:58
A71: 1070 | B71: RMV4R87 | C71: 20/08/2026 06:06 | D71: 137123 | E71: Ana Paula Ribeiro | F71: Reparo de freios | G71: Liberado | I71: 20/08/2026 10:16 | J71: 20/08/2026 12:32
A72: 1071 | B72: VPV5364 | C72: 2026-08-20 06:42 | D72: 149589 | E72: Paulo Henrique Dias | F72: Troca de pneus | G72: Liberado | H72: 20/08/2026 08:31 | I72: 20/08/2026 09:17 | J72: 20/08/2026 11:42
A73: 1072 | B73: CBL5Y00 | C73: 20/08/2026 12:28 | D73: 86764 | E73: Rafael Moreira | F73: Troca de pneus | G73: Liberado | H73: 20/08/2026 18:36 | I73: 20/08/2026 19:28 | J73: 20/08/2026 22:14
A74: 1073 | B74: ALF5898 | C74: 21/08/2026 12:11 | D74: 62487 | E74: Marcos Vinícius Lima | F74: Reparo de freios | G74: Liberado | H74: 21/08/2026 14:57 | I74: 21/08/2026 18:15 | J74: 21/08/2026 21:55
A75: 1074 | B75: KVJ7K17 | C75: 21/08/2026 14:50 | D75: 38272 | E75: Fernanda Alves | F75: Alinhamento e balanceamento | G75: Liberado | I75: 21/08/2026 22:08 | J75: 21/08/2026 23:52
A76: 1075 | B76: KVJ7K17 | C76: 21/08/2026 14:50 | D76: 38272 | E76: Fernanda Alves | F76: Alinhamento e balanceamento | G76: Liberado | I76: 21/08/2026 22:08 | J76: 21/08/2026 23:52
A77: 1076 | B77: KQQ1399 | C77: 22/08/2026 07:23 | D77: 74456 | E77: Eduardo Pinto | F77: Reparo de freios | G77: Liberado | H77: 22/08/2026 08:53 | I77: 22/08/2026 10:48 | J77: 22/08/2026 11:02
A78: 1077 | B78: SRP1N89 | C78: 22/08/2026 08:56 | D78: 158663 | E78: Luciana Prado | F78: Alinhamento e balanceamento | G78: LIBERADO | H78: 22/08/2026 15:12 | I78: 22/08/2026 17:03 | J78: 22/08/2026 17:30
A79: 1078 | B79: AJW5J14 | C79: 2026-08-22 14:16 | D79: 45812 | E79: Rafael Moreira | F79: Revisão preventiva | G79: Liberado | H79: 22/08/2026 19:50 | I79: 23/08/2026 01:31 | J79: 23/08/2026 04:09
A80: 1079 | B80: ISC4K24 | C80: 22/08/2026 15:38 | D80: 81360 | E80: Juliana Castro | F80: Reparo de freios | G80: Liberado | I80: 22/08/2026 21:31 | J80: 23/08/2026 01:02
A81: 1080 | B81: NTK7931 | C81: 23/08/2026 07:13 | D81: 132816 | E81: Ana Paula Ribeiro | F81: Troca de óleo | G81: Liberado | H81: 23/08/2026 12:40 | I81: 23/08/2026 13:32 | J81: 23/08/2026 16:24
A82: 1081 | B82: DTW4893 | C82: 23/08/2026 08:58 | D82: 164527 | E82: Sandra Nogueira | F82: Troca de pneus | G82: Liberado | H82: 23/08/2026 12:12 | I82: 23/08/2026 13:40 | J82: 22/08/2026 20:58
A83: 1082 | B83: NGJ4A02 | C83: 23/08/2026 12:07 | D83: -54852 | E83: Paulo Henrique Dias | F83: Troca de bateria | G83: Liberado | H83: 23/08/2026 19:47 | I83: 23/08/2026 20:45 | J83: 23/08/2026 23:27
A84: 1083 | B84: BGU2B80 | C84: 23/08/2026 13:30 | D84: 89720 | E84: Carlos Mendes | F84: Revisão preventiva | G84: Liberado | H84: 23/08/2026 15:16 | I84: 23/08/2026 20:02 | J84: 23/08/2026 20:28
A85: 1084 | B85: ksa8k38 | C85: 23/08/2026 14:57 | D85: 152858 | E85: Carlos Mendes | F85: Troca de óleo | G85: Liberado | H85: 23/08/2026 15:48 | I85: 23/08/2026 17:11 | J85: 23/08/2026 17:53
A86: 1085 | B86: PSE9841 | C86: 26/08/2026 10:08 | D86: 59.178 | E86: Rafael Moreira | F86: Troca de óleo | G86: Liberado | H86: 26/08/2026 14:54 | I86: 26/08/2026 15:44 | J86: 26/08/2026 17:02
A87: 1086 | B87: IOP6472 | C87: 26/08/2026 11:56 | D87: 175389 | E87: Rafael Moreira | F87: TROCA DE ÓLEO | G87: Liberado | I87: 26/08/2026 14:33 | J87: 26/08/2026 17:56
A88: 1087 | B88: ATC1417 | C88: 26/08/2026 15:28 | D88: 44943 | E88: Fernanda Alves | F88: Troca de pneus | G88: Liberado | H88: 26/08/2026 22:29 | I88: 26/08/2026 23:14 | J88: 27/08/2026 00:37
A89: 1088 | B89: YUG7W02 | C89: 27/08/2026 09:48 | D89: 180567 | E89: João Batista Souza | F89: troca correia dentada | G89: Liberado | I89: 27/08/2026 22:26 | J89: 28/08/2026 00:42
A90: 1089 | B90: XDF9110 | C90: 28/08/2026 09:41 | D90: 178855 | E90: Ricardo Teixeira | F90: Alinhamento e balanceamento | G90: Liberado | H90: 28/08/2026 13:54 | I90: 28/08/2026 15:33 | J90: 28/08/2026 17:45
A91: 1090 | B91: KTG9O61 | C91: 29/08/2026 12:00 | D91: 184267 | E91: Sandra Nogueira | F91: Troca de óleo | G91: Liberado | I91: 29/08/2026 14:20 | J91: 29/08/2026 16:47
A92: 1091 | B92: AOS8193 | C92: 29/08/2026 13:52 | D92: 142186 | E92: Ana Paula Ribeiro | F92: Troca de óleo | G92: Liberado | H92: 29/08/2026 20:39 | I92: 29/08/2026 21:10 | J92: 29/08/2026 22:01
A93: 1092 | B93: VFE9J86 | C93: 30/08/2026 09:02 | D93: 63523 | F93: Alinhamento e balanceamento | G93: Liberado | H93: 30/08/2026 10:10 | I93: 30/08/2026 11:54 | J93: 30/08/2026 15:42
A94: 1093 | B94: ZEQ3M01 | C94: 30/08/2026 13:26 | D94: 35725 | E94: Fernanda Alves | F94: ALINHAMENTO E BALANCEAMENTO | G94: Liberado | H94: 30/08/2026 16:11 | I94: 30/08/2026 17:30 | J94: 30/08/2026 18:13
A95: 1094 | B95: KVS9728 | C95: 2026-08-30 14:11 | D95: 64609 | E95: Paulo Henrique Dias | F95: Alinhamento e balanceamento | G95: Liberado | H95: 30/08/2026 15:42 | I95: 30/08/2026 16:42 | J95: 30/08/2026 20:20
A96: 1095 | B96: QPO1Q84 | C96: 31/08/2026 16:53 | D96: 160982 | E96: Paulo Henrique Dias | F96: Alinhamento/balanceamento | G96: Liberado | I96: 31/08/2026 19:29 | J96: 31/08/2026 23:02
A97: 1096 | B97: NFD0521 | C97: 02/09/2026 13:11 | D97: 170201 | E97: Ricardo Teixeira | F97: Troca de óleo | G97: Liberado | H97: 02/09/2026 18:17 | I97: 02/09/2026 18:59 | J97: 02/09/2026 21:18
A98: 1097 | B98: QVI6J50 | C98: 04/09/2026 08:55 | D98: 149695 | E98: Carlos Mendes | F98: Alinhamento e balanceamento | G98: Liberado | H98: 04/09/2026 12:31 | I98: 04/09/2026 14:11 | J98: 04/09/2026 14:48
A99: 1098 | B99: NGJ4A02 | C99: 04/09/2026 17:42 | D99: 59650 | E99: RICARDO TEIXEIRA | F99: Alinhamento e balanceamento | G99: Liberado | H99: 04/09/2026 20:56 | I99: 04/09/2026 22:16 | J99: 04/09/2026 23:32
A100: 1099 | B100: LZM8U15 | C100: 05/09/2026 10:14 | D100: 186070 | E100: Sandra Nogueira | F100: Troca de Oleo | G100: Liberado | H100: 05/09/2026 15:11 | I100: 05/09/2026 15:42 | J100: 05/09/2026 18:41
...

Sheet Leia-me
A1: Planilha de origem SIMULADA para o ETL da Etapa 6
A3: Todos os dados desta planilha são FICTÍCIOS. Placas, nomes e datas foram gerados para testar o ETL e não representam registros reais da empresa parceira.
A4: A estrutura segue os requisitos do sistema: chegada (RF02), serviço (RF03), status (RF04), término (RF05) e liberação (RF06).
A5: Todas as colunas da aba Dados estão como texto, como chegariam de uma digitação manual. O ETL deve converter os tipos.
A6: Formato padrão de data e hora: DD/MM/AAAA HH:MM.
A7: Período dos atendimentos: 01/07/2026 a 21/10/2026. Data de referência da extração: 21/10/2026 08:00.
A8: A coluna data_hora_inicio_manutencao pode estar vazia, porque esse horário é opcional no sistema.
A10: Abas:
A11: Dados: a fonte que o ETL deve ler.
A12: Gabarito: lista dos problemas inseridos de propósito e o tratamento esperado. Serve para conferir o ETL. Não deve ser lido pelo ETL.
A13: Resumo: contagens esperadas para conferir a carga (linhas lidas, rejeitadas, descartadas e carregadas na fato).

Sheet Gabarito
A1: id_registro | B1: tipo_problema | C1: classe | D1: descricao | E1: tratamento_esperado
A2: 1002 | B2: RESPONSAVEL_VARIANTE | C2: CORRIGIR | D2: Nome do responsável com caixa ou espaços diferentes | E2: Padronizar caixa e espaços
A3: 1005 | B3: DATA_FORMATO_ISO | C3: CORRIGIR | D3: Chegada em formato AAAA-MM-DD em vez de DD/MM/AAAA | E3: Converter para o formato padrão de data e hora
A4: 1007 | B4: PLACA_ESPACOS | C4: CORRIGIR | D4: Placa com espaços no início ou no fim | E4: Remover espaços
A5: 1009 | B5: DUPLICADO | C5: DESCARTAR | D5: Registro digitado duas vezes (mesma placa, chegada e serviço) | E5: Manter uma ocorrência e descartar a outra
A6: 1010 | B6: SERVICO_VARIANTE | C6: CORRIGIR | D6: Serviço escrito de forma diferente do padrão | E6: Padronizar por tabela de de-para (minúsculas, sem acento e sem espaços extras)
A7: 1011 | B7: SERVICO_VARIANTE | C7: CORRIGIR | D7: Serviço escrito de forma diferente do padrão | E7: Padronizar por tabela de de-para (minúsculas, sem acento e sem espaços extras)
A8: 1013 | B8: KM_VAZIO | C8: CORRIGIR | D8: Quilometragem não informada | E8: Carregar como nulo
A9: 1016 | B9: KM_VAZIO | C9: CORRIGIR | D9: Quilometragem não informada | E9: Carregar como nulo
A10: 1017 | B10: PLACA_MINUSCULA | C10: CORRIGIR | D10: Placa digitada em minúsculas | E10: Converter para maiúsculas
A11: 1019 | B11: SERVICO_VARIANTE | C11: CORRIGIR | D11: Serviço escrito de forma diferente do padrão | E11: Padronizar por tabela de de-para (minúsculas, sem acento e sem espaços extras)
A12: 1020 | B12: KM_NEGATIVO | C12: REJEITAR | D12: Quilometragem negativa | E12: Rejeitar o registro
A13: 1021 | B13: PLACA_HIFEN | C13: CORRIGIR | D13: Placa com hífen (ABC-1234) | E13: Remover o hífen
... A89: 1167 | B89: PLACA_VAZIA | C89: REJEITAR | D89: Placa não informada | E89: Rejeitar o registro e gravar o motivo na tabela de rejeitados

Sheet Resumo
A1: Indicador | B1: Valor
A2: Linhas na planilha (aba Dados) | B2: =COUNTA(Dados!A2:A168) -> 167
A3: Duplicadas a descartar | B3: =COUNTIF(Gabarito!C2:C89,"DESCARTAR") -> 6
A4: Rejeitadas (vão para a tabela de rejeitados) | B4: =COUNTIF(Gabarito!C2:C89,"REJEITAR") -> 11
A5: Linhas esperadas na FatoAtendimento | B5: =B2-B3-B4 -> 150
A6: Ocorrências de correção (classe CORRIGIR) | B6: =COUNTIF(Gabarito!C2:C89,"CORRIGIR") -> 71
A8: Tipo de problema | B8: Ocorrências | C8: Classe
A9: RESPONSAVEL_VARIANTE | B9: =COUNTIF(Gabarito!B2:B89,A9) -> 5 | C9: CORRIGIR
A10: DATA_FORMATO_ISO | B10: =COUNTIF(Gabarito!B2:B89,A10) -> 6 | C10: CORRIGIR
A11: PLACA_ESPACOS | B11: =COUNTIF(Gabarito!B2:B89,A11) -> 5 | C11: CORRIGIR
A12: DUPLICADO | B12: =COUNTIF(Gabarito!B2:B89,A12) -> 6 | C12: DESCARTAR
A13: SERVICO_VARIANTE | B13: =COUNTIF(Gabarito!B2:B89,A13) -> 25 | C13: CORRIGIR
A14: KM_VAZIO | B14: =COUNTIF(Gabarito!B2:B89,A14) -> 3 | C14: CORRIGIR
A15: PLACA_MINUSCULA | B15: =COUNTIF(Gabarito!B2:B89,A15) -> 8 | C15: CORRIGIR
A16: KM_NEGATIVO | B16: =COUNTIF(Gabarito!B2:B89,A16) -> 2 | C16: REJEITAR
A17: PLACA_HIFEN | B17: =COUNTIF(Gabarito!B2:B89,A17) -> 10 | C17: CORRIGIR
A18: STATUS_VARIANTE | B18: =COUNTIF(Gabarito!B2:B89,A18) -> 4 | C18: CORRIGIR
A19: LIBERACAO_ANTES_ENTRADA | B19: =COUNTIF(Gabarito!B2:B89,A19) -> 3 | C19: REJEITAR
A20: LIBERADO_SEM_HORARIO | B20: =COUNTIF(Gabarito!B2:B89,A20) -> 2 | C20: REJEITAR
A21: PLACA_INVALIDA | B21: =COUNTIF(Gabarito!B2:B89,A21) -> 2 | C21: REJEITAR
A22: KM_TEXTO | B22: =COUNTIF(Gabarito!B2:B89,A22) -> 2 | C22: CORRIGIR
A23: RESPONSAVEL_VAZIO | B23: =COUNTIF(Gabarito!B2:B89,A23) -> 3 | C23: CORRIGIR
A24: PLACA_VAZIA | B24: =COUNTIF(Gabarito!B2:B89,A24) -> 2 | C24: REJEITAR
